name,email,phone,city,state,description,practice_areas,profile_url
THE SINGH LAW GROUP,info.the.singh.law.group@gmail.com,+917068100303,Kanpur,Uttar Pradesh,"THE SINGH LAW GROUP - LAW FIRM PROFILE Overview:The Singh Law Group is a premier full-service sole proprietorship law firm based in Kanpur Nagar, Uttar Pradesh. Founded and led by Advocate Deepak Singh (Enrolled since 2019), the firm provides top-tier trial advocacy, legal defense, and consultancy services. We regularly represent clients before the Kanpur Nagar District Court, local tribunals, and the Hon’ble Allahabad High Court, blending deep legal acumen with modern digital practices.Core Practice Areas: Criminal Defense & Bails: Expert handling of Regular & Anticipatory Bails, white-collar crimes, cybercrimes, criminal trials, and quashing petitions (Sec 528 BNSS / 482 CrPC). Civil & Property Disputes: Specializing in suits for title declaration, property partition, permanent injunctions (stay orders), commercial eviction, and debt recovery. Matrimonial & Family Law: Managing sensitive cases of divorce (mutual & contested), child custody, alimony, and domestic violence matters with absolute privacy. UP Revenue Code Matters: Active practice before Revenue Courts (SDM, Collector, Board of Revenue) for agricultural land mutation (Dakhil-Kharij), demarcation, and partition. Corporate & MSME Support: Drafting contracts (NDAs, Partnership Deeds) and handling delayed payment recoveries via MSME Samadhaan (MSEFC) for Kanpur’s trading units.Why Choose Us? Experienced Leadership: Directed by Adv. Deepak Singh, offering 7+ years of deep courtroom experience in the Kanpur legal ecosystem. Personal Accountability: As a sole proprietorship, every case receives the direct involvement and focused attention of the founder himself. Tech-Driven: We actively integrate the national e-Courts framework for real-time case tracking, seamless e-filing, and transparent client updates.Sacrosanct Privacy: Strict adherence to attorney-client privilege; your data and case strategies remain 100% confidential. Disclaimer: In compliance with Rule 36 of BCI Rules, this profile is for informational purposes only.","Banking & Finance, Civil Litigation, Constitutional, Corporate & Commercial, Cheque Bounce & NI Act",https://directory.legalfirms.in/firm/the-singh-law-group
Vijay kumar Sahlot and Associates,sahlotpriyanshu1114@gmail.com,+919289030935,Ghaziabad,Uttar Pradesh,"Vijay Kumar Sahlot and Associates is a Ghaziabad-based law firm dedicated to delivering practical, effective, and result-oriented legal solutions to individuals, businesses, and institutions. With over 28 years of legal experience, the firm has built a reputation for integrity, professional excellence, and a client-first approach.

The firm provides comprehensive legal services across Civil Litigation, Criminal Defence, Family and Matrimonial Disputes, Property Matters, Commercial and Contractual Disputes, Consumer Cases, Recovery Proceedings, Arbitration, and Legal Advisory Services. Our team regularly represents clients before District Courts, Tribunals, Consumer Forums, Revenue Authorities, and the High Courts.

At Vijay Kumar Sahlot and Associates, we understand that every legal matter is unique. We focus on developing tailored legal strategies that protect our clients' rights while ensuring transparency and timely communication throughout the legal process. Whether handling complex litigation, criminal defence matters, family disputes, property conflicts, or commercial disagreements, our objective is to provide practical solutions backed by thorough legal research and strategic advocacy.

The firm's foundation is built upon the principle of delivering justice without unnecessary delay while maintaining the highest standards of professional ethics. We are committed to offering honest legal guidance, clear advice, and dedicated representation to help clients make informed decisions.

Our practice serves clients across Ghaziabad, Noida, Delhi NCR, and surrounding regions. Through a combination of courtroom experience, legal knowledge, and client-focused service, Vijay Kumar Sahlot and Associates continues to provide reliable legal representation for a wide range of legal challenges.

Practice Areas:

- Criminal Defence & Bail Matters
- Civil Litigation
- Family & Matrimonial Disputes
- Divorce & Child Custody Cases
- Property & Real Estate Disputes
- Commercial & Contractual Litigation
- Consumer Protection Matters
- Arbitration & Alternative Dispute Resolution
- Recovery & Debt Matters
- Legal Notices, Documentation & Advisory Services

Motto: Delivering Justice with Integrity, Transparency, and Dedication.","Civil Litigation, Consumer Protection, Criminal Litigation, Family & Matrimonial, Cheque Bounce & NI Act",https://directory.legalfirms.in/firm/vijay-kumar-sahlot-and-associates
Astrea Legal Associates LLP,contact@astrealegal.com,+919822720483,Pune,Maharashtra,"Astrea Legal is committed to innovation, excellence, and exceeding client expectations. With over two decades of expertise in corporate legal practice, we have served more than 100+ domestic and multinational clients, including Fortune 500 companies. Our unwavering dedication to client success has made us a preferred legal partner across industries",,https://directory.legalfirms.in/firm/astrea-legal-associates-llp
Sochannam Legal,kaushik@sochannamlegal.com,+919833264577,Mumbai,Maharashtra,"Sochannam Legal, established in the year 2013, is a boutique Commercial and Maritime Law Practice.

Our Maritime and International trade practice covers dry and wet aspects of shipping, insurance and commodities trading. We are instructed by P&I clubs, shipowners, charterers, managers, receivers, and commodity traders. Our robust network across major and minor ports in India addresses the needs of ship-owners, charterers, cargo receivers and H&M insurers. We have a critical understanding of the functioning of various major and minor ports in India.

Our Corporate and Commercial practice advises on diverse spectrum of areas ranging from tax and transaction advisory, banking and financial laws, M&A, corporate restructuring.

Members of the Firm have represented and advised both domestic and offshore clients on their investments, acquisitions, exits, disputes and other cross-border transactions and contractual arrangements. The Firm also has a vast experience in handling civil, commercial, constitutional matters and litigation.

Our practice is focussed on providing commercially minded advice with an objective to navigate the Indian jurisdiction in the global context.We draw our experience from a team of dedicated professionals who possess sound background in commercial and maritime law and an external team of professionals with industry experience. Our expertise is not the only reason to work with us. The way we work is just as important. We appreciate legal decisions have commercial consequences, and our endeavour is to assist clients to take a decision unique to their situation.","Arbitration & Mediation, Banking & Finance, Corporate & Commercial, Insurance, Shipping & Maritime",https://directory.legalfirms.in/firm/sochannam-legal
AKAARIS LAW PARTNERS,ADMIN.ALP@AKAARISLAW.COM,+919990785959,New Delhi,Delhi,"Akaaris Law Partners is a truly full-service firm. Our practice spans broad areas of law, covering the complete range of legal challenges that individuals, businesses, and institutions face in today's environment.

We advise and represent clients across Corporate and Business Law, Criminal Defense & Investigations, Civil Litigation, Dispute Resolution and Arbitration, Real Estate and Property Law, Tax Law and Taxation Advisory, Banking and Finance, Insolvency and Bankruptcy, Employment and Labour Law, Intellectual Property, Family and Matrimonial Law, Constitutional and Writ Matters, Election and Political Law, Cyber Law and Digital Offences, Regulatory and Compliance Advisory, Foreign Investment and FEMA, Data Protection and Privacy Law, Startup and Venture Advisory, and General Legal Advisory and Retainer Services.

Whether the matter is before the Supreme Court of India or being resolved across a negotiating table, whether it involves a multinational corporation or an individual protecting their rights, Akaaris Law Partners brings the same level of preparation, attention, and commitment to every engagement.","Civil Litigation, Criminal Litigation, Litigation, Startups, Taxation",https://directory.legalfirms.in/firm/akaaris-law-partners
Mudra Legal,mandeep@mudralegal.com,+917080958172,Lucknow,Uttar Pradesh,"Mudra Legal is a specialized real estate law firm dedicated to protecting the rights of homebuyers, investors, and property owners. Based in Lucknow, with active practice across Uttar Pradesh and NCR, the firm is known for its focused expertise in builder–buyer disputes, RERA litigation, and property-related legal remedies.

Led by Advocate Mandeep Singh, Mudra Legal brings a strategic, result-oriented approach to resolving complex real estate disputes. The firm regularly represents clients before UP RERA, RERA Appellate Tribunal (REAT), Consumer Commissions, Civil Courts, and NCLT, handling matters involving delayed possession, refunds, compensation, unfair builder practices, loan-linked property issues, and title disputes.

At Mudra Legal, we believe real estate disputes require deep legal understanding combined with practical commercial insight. Every case is approached with clarity, transparency, and a strong focus on outcomes—whether through litigation, negotiation, or settlement.

Mudra Legal is committed to delivering clear legal advice, strong representation, and timely resolution—helping clients navigate real estate disputes with confidence.","Civil Litigation, Real Estate",https://directory.legalfirms.in/firm/mudra-legal
M&amp;P IP Protectors,mandpoffpage@gmail.com,+917948005141,Ahmedabad,Gujarat,"M&P IP Protectors is an intellectual property rights (IPR) law firm in Ahmedabad providing comprehensive IP legal services to startups, SMEs, corporations, research institutions, and innovators across India and globe. Our practice includes trademark registration, patent filing, copyright registration, industrial design registration, trademark prosecution, patent prosecution, IP portfolio management, trademark licensing, patent licensing, IP enforcement, prior art searches, patent analytics, and intellectual property consulting.
Our experienced patent attorneys and trademark attorneys guide clients through every stage of protecting, managing, and commercialising intellectual property. From securing trademarks for growing brands and filing patents for innovative technologies to protecting creative works with copyright registration and safeguarding product designs, we deliver practical, business-focused legal solutions tailored to each client's objectives.
With a commitment to quality, accuracy, and strategic intellectual property protection, M&P IP Protectors helps businesses across India build, protect, enforce, and maximise the value of their intellectual assets while navigating the evolving landscape of IP law.",Intellectual Property,https://directory.legalfirms.in/firm/m-p-ip-protectors
DRN Legal,deepthi.rajeev@drnlegal.com,+919986844640,Bengaluru,Karnataka,"DRN Legal provides specialist legal counsel to growth-stage technology and fintech companies navigating India's regulatory landscape, from RBI licensing and DPDP readiness to technology contracts and IP protection.","NBFC & FinTech, Regulatory & Compliance, Technology, Telecommunications",https://directory.legalfirms.in/firm/drn-legal
CHAMBER OF ADVOCATE MANOJ SHARMA,advocatemanojsharmalknw@gmail.com,+919717302802,Lucknow,Uttar Pradesh,"The Chamber of Advocate Manoj Sharma is a specialized litigation firm based in Lucknow that focuses on providing high-stakes courtroom representation and strategic legal advisory services. Operating primarily out of the Lucknow Bench of the Allahabad High Court, the firm is known for its result-oriented, client-centric advocacy.

The Firm

The firm functions as a multi-jurisdictional litigation chamber handling trials, appeals, and constitutional remedies. It maintains a presence across the Chamber of Advocate Manoj Sharma High Court Office (Chamber B-509, Lucknow Bench), its primary consultation office in Madhav Kheda, and a Supreme Court office in New Delhi (Chamber No. 80, A K Singh Block). The firm emphasizes intellectual honesty, meticulous case research, and digital forensics in its legal strategy.

Practice Areas

Criminal Defense & POCSO: Trial defense and high-stakes litigation involving heavy offenses, regular or anticipatory bail, and FIR quashing under Section 482 CrPC.

Cyber Law & White-Collar Crime: Specialized representation for financial fraud, digital assets, IT Act violations, and corporate embezzlement.

Matrimonial & Family Law: Complex family matters including mutual or contested divorces, child custody, and domestic violence proceedings

Civil Litigation & Property: Property boundary conflicts, contract drafting, real estate disputes under RERA, and injunction matters.

Administrative & Service Law: Representing government employees before the Central Administrative Tribunal (CAT) and Revenue Forums for promotion, suspension, and salary disputes.

Social Advocacy: Active utilization of Public Interest Litigations (PILs) and the Right to Information (RTI) Act to demand administrative accountability",,https://directory.legalfirms.in/firm/chamber-of-advocate-manoj-sharma
DigiLawyer,marketingdigilawyer@gmail.com,+918178704343,Noida,Uttar Pradesh,India's Trusted Legal Platform. Pay or Settle Challan Online with Expert help.,"GST & Indirect Tax, Intellectual Property, Startups, Supreme Court Practice, Taxation",https://directory.legalfirms.in/firm/digilawyer
Solomon &amp; Co.,aaron.solomon@slmnco.in,+912266273900,Mumbai,Maharashtra,"Solomon & Co. is a full-service law firm headquartered in Mumbai, India’s financial and commercial epicentre, with additional offices in Mumbai and Pune. Since its inception in 1909, Solomon & Co. has consistently served as a trusted legal partner to both Indian and international clients, including corporations, government organizations, investment funds, not-for-profit entities, and individuals.

With a legacy spanning over 115 years, Solomon & Co. has continuously adapted to the evolving legal landscape. Leveraging our extensive expertise, we offer tailored legal services that address the unique needs of our clients, ensuring their success in an increasingly complex business and regulatory environment.

Our team of over 75 highly skilled lawyers combines deep knowledge of domestic and international law with practical experience across diverse industries, enabling the delivery of innovative and results-driven solutions to complex legal challenges. Our client-centric approach emphasizes efficiency, strategic insight, and operational effectiveness, ensuring exceptional client service at every stage.

To further enhance our capabilities in cross-border transactions and advisory, Solomon & Co. is an active member of several international networks like Pragma International, BGI Global, Leadvisor Global, and the Association of Independent European Lawyers (AIEL). These affiliations allow us to seamlessly coordinate with trusted partners and advisors across jurisdictions, providing clients with integrated solutions for cross border matters.

To effectively serve clients across India, we recognise the significance of legal knowledge and deep understanding of local jurisdictions. With access to invaluable local knowledge and extensive networks, our contacts operate in over 40 cities nationwide, including New Delhi, Bangalore, Hyderabad, Chennai, Ahmedabad, and Kolkata.

We are consistently ranked by leading publications, including Chambers and Partners, Legal500, Benchmark Litigation and Asialaw, reflecting our commitment to delivering practical, strategic, and high-quality legal services.

Our Areas of expertise:

	Domestic and International Dispute Resolution and Litigation
	Private Client, Estate Planning, and Trusts
	Real Estate
	Telecommunication
	General Corporate and Commercial
	Regulatory Communication
	Human Resources: Employment, Labour and POSH
	Regulatory Advisory (Healthcare & Life Sciences)
	Intellectual Property: Patents, Trademarks and Copyrights
	Banking and Finance
	Technology
	Projects, Infrastructure & Energy
	Data Protection & Privacy
	Antitrust & Competition
	Arbitration
	Property Redevelopment
	Insolvency and Bankruptcy
	Private Equity and Investment Funds
	Media and Entertainment
	Securities and Capital Markets
	Pharmaceuticals & Life Sciences
	Biotechnology & Digital Health
	Medical Devices & Diagnostics – Regulatory & Compliance
	Transactions: M&A, PE/ VC and Funds

We represent clients across a variety of sectors including:

	Manufacturing
	Insurance
	Media and Entertainment
	Financial Services
	Environmental Social Governance
	E-Commerce
	Technology and Telecommunications
	Electric Vehicle
	Renewable Energy
	Agriculture & AgriTech
	Aerospace and Defence
	Transportation and Logistics
	Society Re–developments
	Healthcare
	Sports	
	Energy
	Infrastructure
	Retail
	Hospitality
	Fintech
	Automotive
	Pharmaceutical and Life Sciences and Consumer Goods.","Corporate & Commercial, Dispute Resolution, Intellectual Property, Mergers & Acquisitions, Startups",https://directory.legalfirms.in/firm/solomon-co
Juristic Tech Solutions Pvt Ltd,contact@legzo.in,+919217055650,Ghaziabad,Uttar Pradesh,,,https://directory.legalfirms.in/firm/juristic-tech-solutions-pvt-ltd
SharmaConsultancyCircle,SharmaConsultancyCircle.info@gmail.com,+918920517563,Faridabad,Haryana,,"Civil Litigation, Consumer Protection, Cyber Crime, Cheque Bounce & NI Act",https://directory.legalfirms.in/firm/sharmaconsultancycircle
S AND S LEGAL ADVISORS LLP,info@sandslegaladvisors.com,+919474089541,Siliguri,West Bengal,"S & S Legal Advisors LLP is a premier, full-service litigation and advisory law firm headquartered in Siliguri, West Bengal. Led by Senior Partners Advocate Smriti Sankar Moulick and Advocate Sharmistha Sarma with over 29 years of distinguished legal experience, our 10-advocate team provides robust legal representation across North Bengal, Assam, and Sikkim.  We specialize in Civil and Criminal Litigation (BNS/BNSS/BSA), High Court Writ Petitions, Banking/DRT, Income Tax & GST Litigation, and Corporate Advisory. The firm also boasts a leading Cybercrime and Digital Fraud practice handled by specialist Advocate Pratik Panda. We actively practice before District Courts, such as Darjeeling • Kalimpong • Siliguri • Jalpaiguri • Alipurduar •  Cooch Behar • Malda • North & South Dinajpur • Calcutta High Court Circuit Bench at Jalpaiguri. Gangtok • Namchi • Gyalshing
Mangan • Rangpo •(HC of Sikkim — via co-counsel network)
 Contact us for trusted legal counsel and correspondent services.","Civil Litigation, Criminal Litigation, Cyber Crime, Immigration, Cheque Bounce & NI Act",https://directory.legalfirms.in/firm/s-and-s-legal-advisors-llp
Upscale Legal,info@upscalelegal.com,,Mumbai,Maharashtra,"Upscale Legal advises startups and technology companies on venture capital, fintech regulation, intellectual property, and commercial contracts.",,https://directory.legalfirms.in/firm/upscale-legal
Equinox Legal Associates,sneha401535@gmail.com,+918660470102,Bangalore,Karnataka,,,https://directory.legalfirms.in/firm/equinox-legal-associates
UDDESHYA LAW LLP,uddeshya@uddeshyalaw.in,+917011673705,New Delhi,Delhi,,,https://directory.legalfirms.in/firm/uddeshya-law-llp
Mento Associates,enquiries@mentoassociates.com,+919845426225,Bengaluru,Karnataka,,,https://directory.legalfirms.in/firm/mento-associates
Shree Meeracorp,himanshutiwari77290@gmail.com,+917729038218,Lucknow,Uttar Pradesh,,,https://directory.legalfirms.in/firm/shree-meeracorp
Agama Law Associates,,,Chennai,Tamil Nadu,"Agama Law Associates advises businesses on arbitration, labour law, taxation, commercial litigation, and regulatory advisory services.",Taxation,https://directory.legalfirms.in/firm/agama-law-associates
Credence Legal,info@credencelaw.com,+911141055222,New Delhi,Delhi,"Credence Legal advises startups and corporates on venture capital, technology law, commercial agreements, and employment advisory.",,https://directory.legalfirms.in/firm/credence-legal
Kaizen Law,contact@kaizenlaw.in,+911244389533,Gurugram,Haryana,"Kaizen Law advises clients on mergers and acquisitions, banking law, dispute resolution, project finance, and infrastructure transactions.",Dispute Resolution,https://directory.legalfirms.in/firm/kaizen-law
Parinam Law Associates,contact@parinamlaw.com,+91224241 0000,Mumbai,Maharashtra,"Parinam Law Associates advises startups and businesses on technology law, intellectual property, venture capital, and dispute resolution.",Dispute Resolution,https://directory.legalfirms.in/firm/parinam-law-associates
Vakilsearch Legal,,,Chennai,Tamil Nadu,"Vakilsearch Legal provides legal and compliance support services covering startup registration, trademark filing, taxation, and business compliance.",Taxation,https://directory.legalfirms.in/firm/vakilsearch-legal
Bharat Chugh Law Chambers,,,New Delhi,Delhi,"Bharat Chugh Law Chambers focuses on arbitration, white collar crime, commercial disputes, insolvency matters, and litigation advisory.","Litigation, White Collar Crime",https://directory.legalfirms.in/firm/bharat-chugh-law-chambers
Saakshya Law,,,Mumbai,Maharashtra,"Saakshya Law advises businesses on dispute resolution, arbitration, insolvency matters, banking disputes, and commercial litigation.",Dispute Resolution,https://directory.legalfirms.in/firm/saakshya-law
SPAG Law,,,Mumbai,Maharashtra,"SPAG Law advises domestic and international clients on banking law, infrastructure projects, mergers and acquisitions, and arbitration.",,https://directory.legalfirms.in/firm/spag-law
IndusLaw,,,Bangalore,Karnataka,"IndusLaw advises businesses and investors on corporate transactions, private equity, technology law, employment law, and dispute resolution matters.",Dispute Resolution,https://directory.legalfirms.in/firm/induslaw
Khaitan Legal Associates,,,Hyderabad,Telangana,"Khaitan Legal Associates advises clients on banking disputes, insolvency matters, arbitration proceedings, labour law, and commercial transactions.",,https://directory.legalfirms.in/firm/khaitan-legal-associates
Lexport,,,Chennai,Tamil Nadu,"Lexport is an intellectual property law firm advising clients on patents, trademarks, licensing, technology law, and IP litigation.",,https://directory.legalfirms.in/firm/lexport
P&amp;A Law Offices,,,Chennai,Tamil Nadu,"P&A Law Offices advises clients on maritime law, corporate transactions, dispute resolution, labour law, and commercial litigation.",Dispute Resolution,https://directory.legalfirms.in/firm/p-a-law-offices
Bharucha &amp; Partners,,,Mumbai,Maharashtra,"Bharucha & Partners advises Indian and international clients on mergers and acquisitions, banking and finance, capital markets, dispute resolution, and regulatory advisory.","Capital Markets, Dispute Resolution",https://directory.legalfirms.in/firm/bharucha-partners
Fox Mandal &amp; Associates,fm@foxmandal.in,,Kolkata,West Bengal,"Fox Mandal & Associates is one of India’s established full service law firms advising clients on corporate law, dispute resolution, intellectual property, employment law, and infrastructure matters.",Dispute Resolution,https://directory.legalfirms.in/firm/fox-mandal-associates
Obhan &amp; Associates,mail@obhanandassociates.com,,New Delhi,Delhi,"Obhan & Associates is an intellectual property law firm advising clients on patents, trademarks, copyright, licensing, and technology transactions.",,https://directory.legalfirms.in/firm/obhan-associates
SNG &amp; Partners,,,New Delhi,Delhi,"SNG & Partners advises clients on insolvency matters, banking disputes, project finance, restructuring, and arbitration proceedings.",,https://directory.legalfirms.in/firm/sng-partners
BTG Advaya,,,Bangalore,Karnataka,BTG Advaya is a verified Indian law firm with active professional presence and official website.,,https://directory.legalfirms.in/firm/btg-advaya
Touchstone Partners,,,Mumbai,Maharashtra,Touchstone Partners is a verified Indian law firm with active professional presence and official website.,,https://directory.legalfirms.in/firm/touchstone-partners
Juris Legal &amp; Financial Services,delhi@jurislegal.org,+911149878904,New Delhi,Delhi,"Juris Legal & Financial Services advises corporates and institutions on energy projects, financial restructuring, infrastructure development, arbitration, and regulatory compliance matters.",,https://directory.legalfirms.in/firm/juris-legal-financial-services
Chadha &amp; Co.,,+911146515000,New Delhi,Delhi,"Chadha & Co. advises clients on foreign investment, taxation, employment law, intellectual property rights, and commercial transactions involving Indian and international businesses.",Taxation,https://directory.legalfirms.in/firm/chadha-co
LawNK,,+911140216000,New Delhi,Delhi,"LawNK advises startups and businesses on technology law, data privacy, commercial contracts, fintech regulation, and intellectual property related matters.",,https://directory.legalfirms.in/firm/lawnk
TMT Law Practice,,+911145508000,New Delhi,Delhi,"TMT Law Practice focuses on telecom regulation, media law, technology transactions, broadcasting disputes, and digital platform compliance advisory services.",,https://directory.legalfirms.in/firm/tmt-law-practice
Jotwani Associates,,+911142525000,New Delhi,Delhi,"Jotwani Associates advises businesses and individuals on intellectual property disputes, arbitration matters, criminal litigation, property disputes, and commercial transactions.",Criminal Litigation,https://directory.legalfirms.in/firm/jotwani-associates
Legalogic,contact@legalogic.com,+911145503000,New Delhi,Delhi,"Legalogic advises businesses on technology law, intellectual property rights, startup advisory, fintech regulation, and commercial contract drafting matters.",,https://directory.legalfirms.in/firm/legalogic
LexCounsel,info@lexcounsel.in,+911141662861,New Delhi,Delhi,"LexCounsel advises clients on mergers and acquisitions, employment law, taxation, infrastructure projects, and regulatory compliance related matters in India.",Taxation,https://directory.legalfirms.in/firm/lexcounsel
Metalegal Advocates,contact@metalegal.in,+911146019520,New Delhi,Delhi,"Metalegal Advocates advises clients on insolvency proceedings, white collar crime matters, taxation disputes, arbitration, and corporate restructuring services.","Taxation, White Collar Crime",https://directory.legalfirms.in/firm/metalegal-advocates
MZM Legal,,+911141095000,New Delhi,Delhi,"MZM Legal focuses on infrastructure projects, project finance, banking disputes, arbitration proceedings, and energy law advisory services for domestic and international clients.",,https://directory.legalfirms.in/firm/mzm-legal
RRG Associates,,+911140505000,New Delhi,Delhi,"RRG Associates advises corporates and institutions on labour law, industrial disputes, employment compliance, workplace investigations, and commercial litigation matters.",,https://directory.legalfirms.in/firm/rrg-associates
Sagus Legal,,+911143588000,New Delhi,Delhi,"Sagus Legal advises businesses, startups, and institutions on corporate law, dispute resolution, insolvency matters, taxation, and commercial transactions across India.","Dispute Resolution, Taxation",https://directory.legalfirms.in/firm/sagus-legal
Universal Legal,,+911145604000,New Delhi,Delhi,"Universal Legal handles civil litigation, criminal law matters, arbitration proceedings, family disputes, and corporate advisory services for businesses and individuals.",Civil Litigation,https://directory.legalfirms.in/firm/universal-legal
Adsero IP,,+911140527000,New Delhi,Delhi,"Adsero IP is an intellectual property law firm advising innovators, startups, and businesses on patents, trademarks, copyrights, design protection, and technology licensing matters.",,https://directory.legalfirms.in/firm/adsero-ip
Aumirah,,+911146599000,New Delhi,Delhi,"Aumirah is an intellectual property and business advisory law firm handling patents, trademarks, copyrights, franchising, commercial contracts, and technology law matters.",,https://directory.legalfirms.in/firm/aumirah
Counsels Law Partners,,+911143525000,New Delhi,Delhi,"Counsels Law Partners advises clients on taxation, competition law, mergers and acquisitions, white collar crime matters, and dispute resolution proceedings.","Dispute Resolution, Taxation, White Collar Crime",https://directory.legalfirms.in/firm/counsels-law-partners
Lall &amp; Sethi,info@indiaip.com,+91114289 9999,New Delhi,Delhi,"Lall & Sethi is an intellectual property law firm advising clients on trademarks, patents, copyrights, domain disputes, licensing agreements, and brand protection strategies across India.",,https://directory.legalfirms.in/firm/lall-sethi
Law Senate,,+911143023000,New Delhi,Delhi,"Law Senate advises businesses and institutions on infrastructure projects, arbitration matters, energy law, banking disputes, and corporate litigation proceedings.",,https://directory.legalfirms.in/firm/law-senate
RNA Technology and IP Attorneys,,+912261321000,Mumbai,Maharashtra,"RNA Technology and IP Attorneys advises clients on patents, trademarks, copyrights, software licensing, technology transfer, and intellectual property enforcement matters.",,https://directory.legalfirms.in/firm/rna-technology-and-ip-attorneys
Scriboard Advocates,,+911140520000,New Delhi,Delhi,"Scriboard Advocates focuses on technology law, fintech advisory, startup transactions, data privacy, commercial contracts, and intellectual property matters.",,https://directory.legalfirms.in/firm/scriboard-advocates
SKV Law Offices,,+911143500500,New Delhi,Delhi,"SKV Law Offices advises clients on insolvency proceedings, banking disputes, project finance transactions, commercial litigation, and corporate restructuring matters.",,https://directory.legalfirms.in/firm/skv-law-offices
Vertices Partners,,+911140566000,New Delhi,Delhi,"Vertices Partners advises businesses and investors on private equity, venture capital transactions, technology law, mergers and acquisitions, and regulatory compliance services.",,https://directory.legalfirms.in/firm/vertices-partners
ANM Global,,+911141145000,New Delhi,Delhi,"ANM Global advises businesses and individuals on arbitration, white collar crime investigations, insolvency matters, mergers and acquisitions, and commercial dispute resolution services.",White Collar Crime,https://directory.legalfirms.in/firm/anm-global
Juris &amp; Juris,,+913322422844,Kolkata,West Bengal,"Juris & Juris advises businesses and individuals on civil litigation, property disputes, taxation matters, arbitration proceedings, and commercial advisory services.","Civil Litigation, Taxation",https://directory.legalfirms.in/firm/juris-juris
King Stubb &amp; Kasiva,,+911141055000,New Delhi,Delhi,"King Stubb & Kasiva advises businesses on labour law, aviation law, infrastructure projects, intellectual property rights, employment disputes, and commercial litigation matters.",,https://directory.legalfirms.in/firm/king-stubb-kasiva
LexOrbis,,+911143725000,New Delhi,Delhi,"LexOrbis is an intellectual property law firm advising innovators, startups, pharmaceutical companies, and multinational businesses on patents, trademarks, copyrights, licensing, and IP litigation matters.",,https://directory.legalfirms.in/firm/lexorbis
Mukherjee &amp; Associates,,+913322894660,Kolkata,West Bengal,"Mukherjee & Associates handles shipping and maritime law matters, insurance disputes, arbitration proceedings, commercial litigation, and international trade related advisory services.",International Trade,https://directory.legalfirms.in/firm/mukherjee-associates
NovoJuris Legal,,+914448555555,Chennai,Tamil Nadu,"NovoJuris Legal advises startups, fintech companies, SaaS businesses, and investors on fundraising, data protection, technology law, commercial contracts, and regulatory compliance matters.",,https://directory.legalfirms.in/firm/novojuris-legal
Orbis Legal,,+913340680000,Kolkata,West Bengal,"Orbis Legal advises clients on insolvency matters, banking disputes, intellectual property rights, arbitration, and commercial litigation proceedings across India.",,https://directory.legalfirms.in/firm/orbis-legal
Saha &amp; Ray Advocates,,+913322865251,Kolkata,West Bengal,"Saha & Ray Advocates advises corporates and institutions on banking disputes, insolvency matters, commercial litigation, real estate transactions, and regulatory compliance issues.",,https://directory.legalfirms.in/firm/saha-ray-advocates
Singh and Singh Law Firm,,+911146167777,New Delhi,Delhi,"Singh and Singh Law Firm focuses on intellectual property disputes, sports law, entertainment law, media law, and commercial litigation matters for Indian and international clients.",,https://directory.legalfirms.in/firm/singh-and-singh-law-firm
Ahlawat &amp; Associates,,+911149959999,New Delhi,Delhi,"Ahlawat & Associates advises businesses and individuals on employment law, family law, taxation, foreign investment, company law, and dispute resolution related matters.",Taxation,https://directory.legalfirms.in/firm/ahlawat-associates
ALMT Legal,,+912261315000,Mumbai,Maharashtra,"ALMT Legal advises Indian and international clients on taxation, private equity transactions, real estate law, employment law, regulatory compliance, and dispute resolution matters across various industries.","Dispute Resolution, Taxation",https://directory.legalfirms.in/firm/almt-legal
Athena Legal,,+911146110000,New Delhi,Delhi,"Athena Legal focuses on data protection, advertising law, media law, intellectual property rights, and commercial litigation advisory services for Indian and international clients.",,https://directory.legalfirms.in/firm/athena-legal
Clasis Law,,+911146152222,New Delhi,Delhi,"Clasis Law is an intellectual property and technology focused law firm advising clients on media law, anti counterfeiting actions, brand enforcement, online infringement, and commercial litigation.",,https://directory.legalfirms.in/firm/clasis-law
HSA Advocates,,+912266174900,Mumbai,Maharashtra,"HSA Advocates advises clients on energy projects, infrastructure development, project finance, mergers and acquisitions, arbitration, and regulatory compliance matters.",,https://directory.legalfirms.in/firm/hsa-advocates
MV Kini,,+912266317000,Mumbai,Maharashtra,"MV Kini is a shipping and maritime law firm handling marine insurance disputes, aviation matters, international trade issues, banking disputes, and arbitration proceedings.",International Trade,https://directory.legalfirms.in/firm/mv-kini
PDS Legal,,+911143012000,New Delhi,Delhi,"PDS Legal handles arbitration, white collar crime investigations, insolvency matters, commercial litigation, fraud related disputes, and complex corporate investigations for businesses and individuals.",White Collar Crime,https://directory.legalfirms.in/firm/pds-legal
PSA Legal,,+911149514000,New Delhi,Delhi,"PSA Legal advises startups, investors, and businesses on technology law, private equity transactions, employment matters, commercial agreements, and regulatory compliance services.",,https://directory.legalfirms.in/firm/psa-legal
Samvad Partners,,+918042418000,Bangalore,Karnataka,"Samvad Partners advises clients on employment law, infrastructure projects, taxation, mergers and acquisitions, dispute resolution, and commercial advisory matters across India.","Dispute Resolution, Taxation",https://directory.legalfirms.in/firm/samvad-partners
Singh &amp; Associates,,+911141469000,New Delhi,Delhi,"Singh & Associates is known for criminal law, extradition matters, white collar crime defence, family disputes, and litigation before courts and tribunals in India.","Litigation, White Collar Crime",https://directory.legalfirms.in/firm/singh-associates
Argus Partners,,+912269079000,Mumbai,Maharashtra,"Argus Partners advises Indian and international clients on banking and finance transactions, infrastructure projects, mergers and acquisitions, private equity investments, and commercial dispute resolution matters across multiple regulated sectors.",Dispute Resolution,https://directory.legalfirms.in/firm/argus-partners
Dhir &amp; Dhir Associates,,+911142424242,New Delhi,Delhi,"Dhir & Dhir Associates advises businesses, lenders, resolution professionals, and institutions on insolvency and bankruptcy matters, litigation, project finance, debt restructuring, and infrastructure disputes.",Litigation,https://directory.legalfirms.in/firm/dhir-dhir-associates
IndiaLaw LLP,contact@indialaw.in,+912269247400,Mumbai,Maharashtra,"IndiaLaw LLP advises clients on cross border transactions, employment law, foreign investment, dispute resolution, and commercial restructuring matters across India.",Dispute Resolution,https://directory.legalfirms.in/firm/indialaw-llp
Juris Corp,,+912267634343,Mumbai,Maharashtra,"Juris Corp is a Mumbai based law firm known for restructuring, insolvency, banking and finance, debt recovery, and complex commercial advisory matters for corporates and financial institutions.",,https://directory.legalfirms.in/firm/juris-corp
Saikrishna &amp; Associates,,+911126870000,New Delhi,Delhi,"Saikrishna & Associates is a boutique Indian law firm focused on intellectual property, telecom regulation, media law, technology law, and data privacy advisory services.",,https://directory.legalfirms.in/firm/saikrishna-associates
Singhania &amp; Partners,,+911147471410,New Delhi,Delhi,"Singhania & Partners advises domestic and international clients on arbitration, foreign investment, taxation, infrastructure projects, mergers and acquisitions, and regulatory compliance matters.",Taxation,https://directory.legalfirms.in/firm/singhania-partners
Tatva Legal,bangalore@tatvalegal.com,+918043311433,Bangalore,Karnataka,"Tatva Legal advises startups, venture capital funds, technology companies, and entrepreneurs on data privacy, fundraising, private equity, employment law, and commercial transactions.",,https://directory.legalfirms.in/firm/tatva-legal
Wadia Ghandy &amp; Co,,+912266137000,Mumbai,Maharashtra,"Wadia Ghandy & Co is one of India’s established full service law firms advising clients on corporate transactions, taxation, litigation, real estate, and regulatory advisory matters.","Litigation, Taxation",https://directory.legalfirms.in/firm/wadia-ghandy-co
Dua Associates,,,Bangalore,Karnataka,"Dua Associates is an Indian law firm advising businesses, investors, startups, and institutions on Employment Law, Taxation, Infrastructure Law matters across multiple sectors including technology, infrastructure, finance, and regulatory compliance.",Taxation,https://directory.legalfirms.in/firm/dua-associates
Economic Laws Practice,,,Mumbai,Maharashtra,"Economic Laws Practice is an Indian law firm advising businesses, investors, startups, and institutions on Competition Law, Tax Law, ESG Advisory matters across multiple sectors including technology, infrastructure, finance, and regulatory compliance.",,https://directory.legalfirms.in/firm/economic-laws-practice
Fox Mandal,,,Kolkata,West Bengal,"Fox Mandal provides legal advisory and representation services in Litigation, Employment Law, Corporate Law, handling both domestic and cross border matters for corporates, entrepreneurs, and financial institutions.",Litigation,https://directory.legalfirms.in/firm/fox-mandal
Ikigai Law,,,New Delhi,Delhi,"Ikigai Law focuses on Fintech Law, Gaming Law, Data Privacy and regularly advises clients on commercial transactions, regulatory issues, risk management, and dispute resolution proceedings.",,https://directory.legalfirms.in/firm/ikigai-law
Kochhar &amp; Co,,,New Delhi,Delhi,"Kochhar & Co handles complex Employment Law, Corporate Law, IPR matters for Indian and international clients, including advisory, compliance, litigation, arbitration, and transactional support services.",,https://directory.legalfirms.in/firm/kochhar-co
Lakshmikumaran &amp; Sridharan,,,New Delhi,Delhi,"Lakshmikumaran & Sridharan handles complex GST, Customs, Trade Remedies matters for Indian and international clients, including advisory, compliance, litigation, arbitration, and transactional support services.",,https://directory.legalfirms.in/firm/lakshmikumaran-sridharan
Nishith Desai Associates,,,Mumbai,Maharashtra,"Nishith Desai Associates handles complex International Taxation, Cross Border Transactions, Technology Law matters for Indian and international clients, including advisory, compliance, litigation, arbitration, and transactional support services.",,https://directory.legalfirms.in/firm/nishith-desai-associates
Remfry &amp; Sagar,,,New Delhi,Delhi,"Remfry & Sagar provides legal advisory and representation services in Patent Filing, Trademark Registration, Copyright Law, handling both domestic and cross border matters for corporates, entrepreneurs, and financial institutions.",,https://directory.legalfirms.in/firm/remfry-sagar
Anand and Anand,mail@anandandanand.com,+911142819999,New Delhi,Delhi,"Anand and Anand is a leading Indian intellectual property law firm representing global and domestic clients in patent disputes, trademark prosecution, copyright enforcement, technology licensing, and innovation protection matters across multiple industries including pharmaceuticals, media, telecom, and electronics.",,https://directory.legalfirms.in/firm/anand-and-anand
AZB &amp; Partners,,,Mumbai,Maharashtra,"AZB & Partners focuses on Private Equity, Corporate Law, Capital Markets and regularly advises clients on commercial transactions, regulatory issues, risk management, and dispute resolution proceedings.",Capital Markets,https://directory.legalfirms.in/firm/azb-partners
Cyril Amarchand Mangaldas,,,Mumbai,Maharashtra,"Cyril Amarchand Mangaldas handles complex Corporate Law, Competition Law, Banking and Finance matters for Indian and international clients, including advisory, compliance, litigation, arbitration, and transactional support services.",,https://directory.legalfirms.in/firm/cyril-amarchand-mangaldas
DSK Legal,,,Mumbai,Maharashtra,"DSK Legal focuses on Real Estate Law, Corporate Law, Taxation and regularly advises clients on commercial transactions, regulatory issues, risk management, and dispute resolution proceedings.",Taxation,https://directory.legalfirms.in/firm/dsk-legal
JSA Advocates &amp; Solicitors,,,Mumbai,Maharashtra,"JSA Advocates & Solicitors is an Indian law firm advising businesses, investors, startups, and institutions on Banking and Finance, Infrastructure Law, Arbitration, Corporate Law matters across multiple sectors including technology, infrastructure, finance, and regulatory compliance.",,https://directory.legalfirms.in/firm/jsa-advocates-solicitors
Khaitan &amp; Co,info@khaitanco.com,+912266365000,Mumbai,Maharashtra,"Khaitan & Co is one of India’s oldest full service law firms advising corporates, financial institutions, investors, startups, and multinational businesses on mergers and acquisitions, banking transactions, regulatory compliance, dispute resolution, private equity investments, and taxation matters.","Dispute Resolution, Taxation",https://directory.legalfirms.in/firm/khaitan-co
Phoenix Legal,,,New Delhi,Delhi,"Phoenix Legal provides legal advisory and representation services in Project Finance, Arbitration, Commercial Litigation, handling both domestic and cross border matters for corporates, entrepreneurs, and financial institutions.",,https://directory.legalfirms.in/firm/phoenix-legal
S&amp;R Associates,,,New Delhi,Delhi,"S&R Associates provides legal advisory and representation services in Capital Markets, Mergers and Acquisitions, Dispute Resolution, handling both domestic and cross border matters for corporates, entrepreneurs, and financial institutions.","Capital Markets, Dispute Resolution",https://directory.legalfirms.in/firm/s-r-associates
Shardul Amarchand Mangaldas &amp; Co,,,New Delhi,Delhi,"Shardul Amarchand Mangaldas & Co is an Indian law firm advising businesses, investors, startups, and institutions on Corporate Law, Taxation, Insolvency and Bankruptcy matters across multiple sectors including technology, infrastructure, finance, and regulatory compliance.",Taxation,https://directory.legalfirms.in/firm/shardul-amarchand-mangaldas-co
Trilegal,contact@trilegal.com,+918043434646,Bangalore,Karnataka,"Trilegal advises Indian and international businesses on commercial transactions, technology law, competition law, private equity deals, venture capital investments, infrastructure matters, and high value dispute resolution proceedings before courts and tribunals.",Dispute Resolution,https://directory.legalfirms.in/firm/trilegal
A &amp; S Law,kvs@assetsadvisory.com,+919959223615,Hyderabad,Telangana,,,https://directory.legalfirms.in/firm/a-s-law
ANS Associates,admin@ansassociates.org,+919903712782,Kolkata,West Bengal,,,https://directory.legalfirms.in/firm/ans-associates
Asa Legal Services LLP,asa@asalegal.in,+919811052529,New Delhi,Delhi,,,https://directory.legalfirms.in/firm/asa-legal-services-llp
Bhave &amp; Co.,mumbai@bhaveandcompany.com,+919969201303,Mumbai,Maharashtra,,,https://directory.legalfirms.in/firm/bhave-co
Economic Law Practices,suhailnathani@elp-in.com,+919820027803,Ahmedabad,Gujarat,,,https://directory.legalfirms.in/firm/economic-law-practices
Gupta Law Associates,admin@guptalawassociates.in,+919850026754,Ahmedabad,Gujarat,,,https://directory.legalfirms.in/firm/gupta-law-associates
India Law Alliance,mail@indialawalliance.com,+919820092827,Mumbai,Maharashtra,,,https://directory.legalfirms.in/firm/india-law-alliance
J. Sagar Associates,bijal.chhatrapati@jsalaw.com,+9102243418600,Ahmedabad,Gujarat,,"Corporate & Commercial, International Trade",https://directory.legalfirms.in/firm/j-sagar-associates
J. Sagar Associates,vinod.kumar@jsalaw.com,+9102243418600,Chennai,Tamil Nadu,,"Corporate & Commercial, International Trade",https://directory.legalfirms.in/firm/j-sagar-associates-2
J. Sagar Associates,dina@jsalaw.com,+9102243418600,Mumbai,Maharashtra,,"Corporate & Commercial, International Trade",https://directory.legalfirms.in/firm/j-sagar-associates-4
J. Sagar Associates,divyanshu.pandey@jsalaw.com,+919910443986,New Delhi,Delhi,,"Corporate & Commercial, International Trade",https://directory.legalfirms.in/firm/j-sagar-associates-5
Jitendra Kumar &amp; Associates,adv.jiten@gmail.com,+919811215039,New Delhi,Delhi,,,https://directory.legalfirms.in/firm/jitendra-kumar-associates
Juris Prime Services,raju@jurisprime.com,+919866446467,Hyderabad,Telangana,,,https://directory.legalfirms.in/firm/juris-prime-services
Just Law Advocates,admin@justlaw.co.in,+918022259074,Bengaluru,Karnataka,,,https://directory.legalfirms.in/firm/just-law-advocates
K.K. Associates,khushnuma@kkassociates.co.in,+919930356276,Mumbai,Maharashtra,,,https://directory.legalfirms.in/firm/k-k-associates
Khaitan &amp; Khaitan,info@khaitanandkhaitan.com,+919810903369,New Delhi,Delhi,,,https://directory.legalfirms.in/firm/khaitan-khaitan
King &amp; Partridge,kplaws@eth.net,+919840029865,Chennai,Tamil Nadu,,,https://directory.legalfirms.in/firm/king-partridge
King Stubb &amp; Kasiva Advocates &amp; Attorneys,bangalore@ksandk.com,+919999330819,Bengaluru,Karnataka,,,https://directory.legalfirms.in/firm/king-stubb-kasiva-advocates-attorneys
King Stubb &amp; Kasiva Advocates &amp; Attorneys,chennai@ksandk.com,+918826805955,Chennai,Tamil Nadu,,,https://directory.legalfirms.in/firm/king-stubb-kasiva-advocates-attorneys-2
King Stubb &amp; Kasiva Advocates &amp; Attorneys,mumbai@ksandk.com,+919920881369,Mumbai,Maharashtra,,,https://directory.legalfirms.in/firm/king-stubb-kasiva-advocates-attorneys-3
King Stubb &amp; Kasiva Advocates &amp; Attorneys,delhi@ksandk.com,+919810088448,New Delhi,Delhi,,,https://directory.legalfirms.in/firm/king-stubb-kasiva-advocates-attorneys-4
Link Legal,s.srivastava@linklegal.in,+919845613341,Bengaluru,Karnataka,,,https://directory.legalfirms.in/firm/link-legal
"M/S Anand, Samy &amp; Dhruva",mail@asdlaw.in,+919382863020,Bengaluru,Karnataka,,,https://directory.legalfirms.in/firm/m-s-anand-samy-dhruva
M/S Shaijan C George &amp; Associates,shaijan@hotmail.com,+918826579255,Kochi,Kerala,,,https://directory.legalfirms.in/firm/m-s-shaijan-c-george-associates
M/S Sree &amp; Co. Legal Services,sreeandcolegalservices@gmail.com,+919080224482,Chennai,Tamil Nadu,,,https://directory.legalfirms.in/firm/m-s-sree-co-legal-services
Maheshwari &amp; Co.,vm@maheshwariandco.com,+919810054881,New Delhi,Delhi,,Corporate & Commercial,https://directory.legalfirms.in/firm/maheshwari-co
Meharia and Company,mumbai@mcolegals.in,+919830079467,Kolkata,West Bengal,,,https://directory.legalfirms.in/firm/meharia-and-company
Mital &amp; Mital Associates,delhi@mitalandmital.com,+919810506223,New Delhi,Delhi,,,https://directory.legalfirms.in/firm/mital-mital-associates
Moson Le Exparts,teamadvocate@mosonleexparts.org,+919426305473,Ahmedabad,Gujarat,,,https://directory.legalfirms.in/firm/moson-le-exparts
Mvkini Law Firm,ahmedabad@mvkini.com,+9102266664298,Ahmedabad,Gujarat,,,https://directory.legalfirms.in/firm/mvkini-law-firm
Mvkini Law Firm,allahabad@mvkini.com,+9105322422199,Prayagraj,Uttar Pradesh,,,https://directory.legalfirms.in/firm/mvkini-law-firm-2
Mvkini Law Firm,mvkini@airtelmail.in,+9108041523551,Bengaluru,Karnataka,,,https://directory.legalfirms.in/firm/mvkini-law-firm-3
Mvkini Law Firm,bhubaneswar@mvkini.com,+9106742535567,Cuttack,Odisha,,,https://directory.legalfirms.in/firm/mvkini-law-firm-4
Mvkini Law Firm,hyderabad@mvkini.com,+9104066323042,Hyderabad,Telangana,,,https://directory.legalfirms.in/firm/mvkini-law-firm-5
Mvkini Law Firm,kolkata@mvkini.com,+9103340697019,Kolkata,West Bengal,,,https://directory.legalfirms.in/firm/mvkini-law-firm-6
Mvkini Law Firm,bombay@mvkini.com,+919820042501,Mumbai,Maharashtra,,,https://directory.legalfirms.in/firm/mvkini-law-firm-7
Mvkini Law Firm,delhi@mvkini.com,+9101124371038,New Delhi,Delhi,,,https://directory.legalfirms.in/firm/mvkini-law-firm-8
Orbit Law Services,chennai@orbitlaw.co.in,+919444012284,Chennai,Tamil Nadu,,,https://directory.legalfirms.in/firm/orbit-law-services
Orbit Law Services,vijaywada@orbitlaw.co.in,+9108662531214,Hyderabad,Telangana,,,https://directory.legalfirms.in/firm/orbit-law-services-2
Orbit Law Services,mumbai@orbitlaw.co.in,+919833589926,Mumbai,Maharashtra,,,https://directory.legalfirms.in/firm/orbit-law-services-3
Orbit Law Services,delhi@orbitlaw.co.in,+919869022636,New Delhi,Delhi,,,https://directory.legalfirms.in/firm/orbit-law-services-4
Pan India Legal Services LLP,info@plslegal.in,+919481800074,Bengaluru,Karnataka,,,https://directory.legalfirms.in/firm/pan-india-legal-services-llp
Pra Law Offices,raghav@pralaw.in,+919958996310,Mumbai,Maharashtra,,,https://directory.legalfirms.in/firm/pra-law-offices
Pra Law Offices,srini@pralaw.in,+919810533719,New Delhi,Delhi,,,https://directory.legalfirms.in/firm/pra-law-offices-2
PSL Advocates &amp; Solicitors,sandeep@pslchambers.com,+9199104017000,Chandigarh,Chandigarh,,,https://directory.legalfirms.in/firm/psl-advocates-solicitors
R &amp; A Legal Advocates,royrajiv@hotmail.com,+919811181959,New Delhi,Delhi,,,https://directory.legalfirms.in/firm/r-a-legal-advocates
Rajani Associates,info@rajaniassociates.net,+919820041647,Mumbai,Maharashtra,,,https://directory.legalfirms.in/firm/rajani-associates
Rathina Maravarman Advocates &amp; Legal Consultants,rm@rathinamaravarman.com,+919821311011,Mumbai,Maharashtra,,,https://directory.legalfirms.in/firm/rathina-maravarman-advocates-legal-consultants
RP Kapur &amp; Co.,office@rpklaw.com,+919811253030,New Delhi,Delhi,,,https://directory.legalfirms.in/firm/rp-kapur-co
S K Singhi &amp; Co. LLP,surendra.singhi@sksinghiandco.com,+919748035250,Kolkata,West Bengal,,,https://directory.legalfirms.in/firm/s-k-singhi-co-llp
S.K. Agarwal &amp; Co.,ravinderagar@gmail.com,+919810056263,New Delhi,Delhi,,,https://directory.legalfirms.in/firm/s-k-agarwal-co
Sagar &amp; Sagar Law Offices,sagarandsagar@live.com,+919811016162,New Delhi,Delhi,,,https://directory.legalfirms.in/firm/sagar-sagar-law-offices
Samwad Partners,infoblr@samvadpartners.com,+919986022206,Bengaluru,Karnataka,,,https://directory.legalfirms.in/firm/samwad-partners
Samwad Partners,infochn@samvadpartners.com,+919710286750,Chennai,Tamil Nadu,,,https://directory.legalfirms.in/firm/samwad-partners-2
Samwad Partners,infohyd@samvadpartners.com,+919849084007,Hyderabad,Telangana,,,https://directory.legalfirms.in/firm/samwad-partners-3
Samwad Partners,infomumbai@samvadpartners.com,+919930904934,Mumbai,Maharashtra,,,https://directory.legalfirms.in/firm/samwad-partners-4
Samwad Partners,infodel@samvadpartners.com,+919818368288,New Delhi,Delhi,,,https://directory.legalfirms.in/firm/samwad-partners-5
SDS Advocates,subirkumar@sdsadvocates.com,+919769441090,Mumbai,Maharashtra,,,https://directory.legalfirms.in/firm/sds-advocates
Seth &amp; Rathn Associates LLP,setukrishna@gmail.com,+919841023735,Chennai,Tamil Nadu,,,https://directory.legalfirms.in/firm/seth-rathn-associates-llp
Shree Law Services,ravichandran@shreelawservices.com,+919789986612,Chennai,Tamil Nadu,,,https://directory.legalfirms.in/firm/shree-law-services
Singh &amp; Company,advshankarsingh1@gmail.com,+919830090585,Kolkata,West Bengal,,,https://directory.legalfirms.in/firm/singh-company
Singhi &amp; Co.,mumbai@singhiandco.com,+9107967121800,Ahmedabad,Gujarat,,,https://directory.legalfirms.in/firm/singhi-co
"SJ Law, Advocates and Solicitors",mumbai@sjlaw.in,+919820048883,Mumbai,Maharashtra,,,https://directory.legalfirms.in/firm/sj-law-advocates-and-solicitors
SKR &amp; Associates,admin@skradvocates.com,+919830267048,Kolkata,West Bengal,,,https://directory.legalfirms.in/firm/skr-associates
Solicis Lex Advocates &amp; Solicitors,law@solicislex.com,+919427987720,Ahmedabad,Gujarat,,,https://directory.legalfirms.in/firm/solicis-lex-advocates-solicitors
Sri &amp; Associates,pbasrinivasan@yahoo.co.in,+919871643443,New Delhi,Delhi,,,https://directory.legalfirms.in/firm/sri-associates
Sundaraswamy &amp; Ramdas Advocates,admin@sundaraswamy.com,+9108022263838,Bengaluru,Karnataka,,,https://directory.legalfirms.in/firm/sundaraswamy-ramdas-advocates
Surana &amp; Surana,intellect@lawindia.com,+919884491000,Chennai,Tamil Nadu,,,https://directory.legalfirms.in/firm/surana-surana
Surana &amp; Surana,ncr.intellect@lawindia.com,+917448358000,New Delhi,Delhi,,,https://directory.legalfirms.in/firm/surana-surana-2
Tandon and Company,kunal@tandonandco.com,+919818442226,New Delhi,Delhi,,,https://directory.legalfirms.in/firm/tandon-and-company
The Law Point,registrar@thelawpoint.com,+919920364784,Mumbai,Maharashtra,,,https://directory.legalfirms.in/firm/the-law-point
Thodur Law Associates,thodurlaw@yahoo.co.in,+917259799922,Bengaluru,Karnataka,,,https://directory.legalfirms.in/firm/thodur-law-associates
Vaish Associates Advocates,mumbai@vaishlaw.com,+919833367878,Mumbai,Maharashtra,,"Intellectual Property, International Trade, Taxation, Technology",https://directory.legalfirms.in/firm/vaish-associates-advocates
Vats Gupta &amp; Co.,vgclawfirm@gmail.com,+919810062048,New Delhi,Delhi,,,https://directory.legalfirms.in/firm/vats-gupta-co
Vipin Jai &amp; Associates,vipinjai@yahoo.co.in,+919873715747,New Delhi,Delhi,,,https://directory.legalfirms.in/firm/vipin-jai-associates
ZBA Advocates &amp; Solicitors,niloufer.lam@zba.co.in,+919920668000,Mumbai,Maharashtra,,,https://directory.legalfirms.in/firm/zba-advocates-solicitors
